{"bfX8pFbsQsPEQnnnxtMzqA==":"background6-1874x1249.jpg","I7PSEfpq/NRR+zJHwdCuiw==":"aguas-do-vere-logo.svg","UHI2zMAgXC/kSDZW+VnO4w==":"aguas-do-vere-2000x1125.jpg","GticGYzeaMaR6ADZWmZwfQ==":"t2-700x467.jpg","mqLIZhYGVh+K3vNQTN/cVA==":"acomodacoes-700x1042.png","Af9cJsGyupoDFaPqeNQJOw==":"estrutura-700x1042.png","FR1jRHUGr0gCg1Zx5trV/g==":"lazer-700x1042.png","e4YJGmaui1bI6LkjZQrOww==":"acomodacoes-termas-700x1042.png","+OB/MTMTdHD8TnX4JU48rw==":"acomoda-1080x738.png","NEYTNBTfyBEd6KDjlqlobA==":"img_2757-1-510x340.jpg","5hUu+LCnhcYIItwvAZ7SJg==":"hidromassagem-1080x720.jpg","qKl8WBgxay29dhpVt0AhDQ==":"1422_ver%C3%AA_termas-9112017-510x340.jpg","lLwrHTlT6F17E7BiFIXFBA==":"img_2143-2-510x340.jpg","gNDeHkVzfLISifQNsxN+EA==":"q6-2-510x341.jpg","xaFJs1yZpqc8MaGXVxqJAQ==":"aguas-do-vere-fundo-1110x723.jpg","vJzZRsYBcsrHHSJwwLBiVw==":"trip-advisor-326x326.png","ORz7s7oOUKU1ahENVXtoBg==":"trip-advisor-488x326.png","Wq0v1lxAdU6tDSVlYOEP5g==":"aguas-do-vere-fundo-890x579.jpg","B0/mr88AaN5RO+zuK/VxiQ==":"acomoda-1-1080x738.png","D2OD4RnXylTz1feaEOvHyQ==":"1422_ver%C3%AA_termas-9112017-510x340.jpeg","Ax07xQbQbjIeCgMt2fAJAQ==":"farroupilha-1640x924.png","9iE2XE0nGZX9AowwNyeJ8A==":"feriadao-1640x924.png","raDC8lu3Q2b9s2xQK5Y5/w==":"natal-encantado-1640x924.png","aTt7QEg1TxCZrjc3sP5wQg==":"reveillon-1640x924.png"}